0,1,2,3,4
4.375990486826805,3.0122894271520892,1.7400998459580337,-9.406124983233573,-2.7559552523711517
-2.7384071468456748,1.100949934619063,-4.835983398274332,-8.099439722370176,6.391275165045435
-1.918572343459029,1.1408448009317236,-5.337388270301047,-8.482559077562392,5.828845192207836
-4.717015040723613,1.299919341864221,-5.286330799730643,-8.827140037918268,4.197137643814269
3.737826474522961,4.813318047269907,2.5479234720148494,-7.561945017220123,-2.8006913971464877
-2.963819097617079,-1.5206066059950847,-4.404798904049897,-8.559226469039773,5.890299795349091
-4.847895088412076,2.012893903825781,-8.313502109876625,-9.187680155904395,5.6788101125078825
2.1382398748849405,1.8912165119472149,1.9789779962413605,-10.048788525078844,-3.2365782963432843
-2.768748676838351,1.7421278150147819,-7.611381925117185,-9.328797950465168,6.205841883003437
-5.1761127266597295,-0.6077013798981006,-5.534425482670361,-9.281892298960791,7.339768722294034
1.9860064749504576,3.9001088545893667,1.6142564018621228,-7.219095487049446,-2.6594619052658874
-4.817533951719594,-0.16939381841637946,-6.399957239068664,-8.521797753316154,4.9512393645920865
4.628136238939321,1.5022381201127037,0.9711535862969713,-8.933818783481216,-3.822833598073144
-2.5559176780084036,1.1988493889942629,-5.961966701185847,-8.220599147203485,6.4659813466901435
3.9745027504796715,2.792811092811272,0.7997086971182363,-9.148558482120967,-2.5646410429339213
-5.699975518282617,1.8614062351728617,-6.8867177762375675,-8.155272591563739,6.124974820658732
-6.1296877364719755,1.7153423385627857,-6.295357961620349,-9.04713977792367,6.3155825769950145
3.9928856587751946,2.048016341177162,2.3572499315876136,-8.18923236919501,-2.5408550887392454
-2.758621146608098,-1.3522764764778348,-6.401239732391561,-8.597607602797325,4.027422048692475
-4.691225313318416,-0.6911252448880838,-7.76733686669228,-7.9591671383993,4.332678522102275
3.171957581804425,2.7031538789451077,2.217295220747081,-8.646201318464573,-3.7631015090224387
-2.73537520833967,1.7572536237578376,-6.685830997916105,-10.544657750451549,6.647420323573258
3.9768295360629677,2.9208030755282324,1.1352614848951017,-9.164067372649015,-3.007929877262751
3.300018414644618,3.0527371739306193,1.5015301195995197,-9.518610459517886,-3.6656668085479636
-3.8489822495373276,1.0494732602975814,-6.391042735446396,-9.125117283788947,5.973784222202177
0.601837382762854,1.7506943247625772,2.5394789919498795,-8.13084859703222,-3.8418509723779484
-4.39088678251293,1.6723726715074532,-5.115427654881027,-8.00293888281359,5.72271659703588
-5.447044656093965,1.9828255484025867,-6.920893059483687,-6.965329827439234,5.142396168195253
3.587229170218903,3.768833137344851,0.8348003641463999,-8.404327284475487,-1.1148552285703865
-5.228983949359741,0.2940440367432255,-5.821977982882509,-9.394354570875235,5.9134889690254
3.493950262966808,1.970723763387358,1.683601502955982,-10.782257307743716,-3.2415176603781473
-5.699197454159695,1.026596423027672,-6.255661537664986,-9.872341041506457,5.626508745688385
-5.42450871062365,1.7419010342441084,-5.59690288982306,-10.937671341728114,4.1337556227127745
-2.6210799631287385,0.6800715667332153,-6.897199180223695,-8.582698579875283,4.450927629964979
-3.785593581713109,0.49799104826085683,-4.8116392197602424,-8.75744315831549,4.975995592140862
-3.2847411789404513,0.874579878822741,-4.777594060145894,-8.21661240729866,5.5211833802694485
2.238135864604586,2.449171145886446,-0.8596442449917778,-10.050424136382368,-2.482888917605152
2.0449637665661666,2.57129149547155,0.5177042409011545,-7.106811717420825,-3.9998345157648996
2.5163615924866605,2.5738626827891062,1.5603363083989508,-8.61161722746262,-3.001148272533333
-4.4147357003078875,0.7637490554251041,-7.165487155387197,-9.063715292007405,7.0723306838205415
2.2768410698766854,4.235928844583419,0.9431912174169399,-8.019136941271297,-2.2994333685901256
3.450497016260868,3.9900636711566584,1.0528345898590303,-9.28805617249789,-2.025852390475884
-4.331498665451219,2.8276365627589524,-6.323842623857991,-8.354385600369579,6.319070231417043
3.380092180911626,2.236693778681219,0.6009032845562491,-9.457040912248674,-2.500889609706971
5.397956973937895,3.4705826464696217,1.9869581829320335,-9.090210505847867,-3.734152846695971
2.6791322120428798,4.7086755570017615,0.8411490369912406,-10.076490780160958,-2.785157472088554
-4.145517556319619,0.44837129099386047,-6.15011525182945,-8.9636907498211,6.880683596768467
-3.6139266074946197,0.9436103919092349,-5.008406892207068,-9.408797953095116,6.974146628655057
4.920588192902859,3.347010155821765,2.0038332558785306,-7.570966292015367,-2.595735864528711
-3.1968583512626205,-0.32857109142156204,-5.183917309880231,-9.286468955809449,7.283050899095382
-3.902695422942195,0.9998777288029939,-7.9266625443075425,-9.124432132919598,5.231983078577932
2.005382722112585,2.6283698732251293,2.9477272873380143,-8.908490953986727,-2.4567809849776485
-4.927762695910406,1.1706208613882243,-4.350708242011586,-10.172955419346234,5.827198084460014
-5.617281276391075,0.6245715901653749,-5.6282731702405675,-9.81722034342703,6.449570416950996
0.5979258716129152,3.721353009833925,2.007639450813963,-9.312256039444428,-1.0357020362453617
3.260395703373781,-0.7757290758440925,0.5694623244668658,-9.17449633532079,-4.57900516414412
-4.843319359698524,-0.04464742412229705,-7.3278760115391535,-8.95150628737771,5.6086981840614785
2.7932464698200095,3.833513826925846,2.968286213698485,-8.280541067001218,-1.2982705721569856
-4.176572184835326,2.1698897771486427,-6.1625989442312825,-8.595151077281578,6.270161544054204
-4.516622318447502,-0.582995159556734,-7.384183025677142,-10.305727589301657,7.028018740457189
3.569215791443132,3.865492771097931,2.9587595892384746,-9.244424725175323,-3.672552370545757
2.2751739926845973,3.8162309815073963,-1.5372537090795548,-9.300470987241189,-3.5663375379381885
-3.699804938033879,-1.0176836204901512,-7.358952709296092,-5.427275778743873,7.521918060891711
4.453803068268305,2.935675090402784,1.781735479392811,-8.060112917377694,-2.5034703705148464
3.260204023194116,3.665202172999706,1.057225252968703,-8.046620439630857,-1.9395425548576841
-5.462602101416571,-0.11350032190455062,-6.387147302215181,-7.957962119468607,5.640185152510325
2.4891496373988224,4.588244381332057,3.579385787472534,-9.633176703354444,-2.4813429058633694
3.4930663035301364,0.7729087692877692,2.0238414444125095,-7.9726007454211345,-1.7666383672322803
-3.7148940474225096,1.3600568667545814,-6.0090487695195085,-9.254085634516136,6.428204797375689
-3.932493930259672,-0.13807402269102043,-7.83039352173793,-9.001704077788883,6.67134428162603
3.904462640218121,1.8955302824111278,2.2338013850899134,-8.96005554360331,-2.276928668974842
-5.421051090571007,0.38060573867783065,-6.445050014585206,-10.323531162445747,6.052181123500215
1.8024032030915542,2.0826392458527008,3.700497804087514,-9.516181642636074,-3.5460363210455634
-4.695781178360689,1.5222747774398981,-6.331277321852438,-8.636899937371187,4.559050046610141
4.842529919122708,3.0419277212600075,1.560315303910136,-8.776065616859668,-1.2246255689764705
-5.164332596469973,1.6678731831044002,-6.165092512547644,-8.42816305677195,4.043993282490486
-4.406024595131065,-0.4895914175957836,-5.907169882237268,-8.956681898903552,4.359237491445897
-4.44511009733789,2.017346574383523,-7.29735260153236,-7.99524161567811,5.028547238614958
-4.515746808797286,0.6491123931441289,-5.235714413779393,-10.02059471285225,5.411728540626781
-4.700711535326344,1.2021202231779613,-6.202467261740998,-9.292588645705761,5.639893937045509
-2.687260781220705,0.009978521393224749,-6.441431089823065,-8.05435516260287,6.192345846925992
2.702029235477692,3.2286292521148514,0.5315782879416813,-11.255510771459498,-3.511723870666292
1.2000967038513333,5.146618872956024,0.8844557404220235,-10.16117097787154,-2.9088086280938117
-3.6476264209890763,0.4963791255761209,-4.85075072256862,-8.451266632357148,6.564090377767648
2.292930855839934,2.8452967199073744,2.131158071586623,-9.20005857119419,-2.2128798182808285
-2.718033457856574,0.6722893873186202,-6.218514276093957,-9.190789614689557,6.815181953465715
-4.658505358109027,1.2342460218627695,-6.196730432605431,-7.399593032176788,4.085819564006149
2.883532534826923,3.0545330639260335,-0.036024476317016774,-8.015017221220406,-3.77452771804936
-3.578971516685596,-0.3889508649969682,-6.55287414013713,-8.274144594610947,8.409263130098946
2.859875174172606,1.7821181053065613,2.219358885171225,-8.376750803702778,-1.4976776434319459
4.094113845928227,1.867227386910153,2.442572884005309,-8.16690947619514,-3.2234725568342304
2.6091233591738807,2.193927830699784,3.0981816266640343,-8.973203141775096,-0.05095069238106964
3.8002873360724765,3.679579858140145,2.7939561742484726,-7.4187151979940875,-2.9524094298121137
-3.8392246372088192,2.277762185052339,-4.620743268771058,-7.136792442710772,6.399079165815874
2.8896234125852187,3.3068917998998026,2.220869982624521,-9.69122189783115,-1.7277687958819337
2.7629996769802645,4.554456258052108,1.3369984878513685,-10.018016618750092,-3.119064925463313
1.902768150584046,2.7525609169230254,3.8020995416521517,-8.306885696102684,-3.9097283717234594
4.377272436373122,2.4563782033507384,3.072913825857892,-7.330667296948615,-3.1903374318474294
-5.206237190740993,0.3737644461598395,-5.369970367927142,-7.557418553807176,5.904359257635964
0.61539553660799,2.6173281145944705,1.4456869946221662,-8.713742501594295,-3.286460331391302
-5.034204827173717,0.18399127867466458,-4.627487783544153,-8.219604472840466,5.493060545614355
3.983007565756406,4.224579814843289,1.956936060907032,-10.05994823560619,-2.825186451551781
3.8904141755551995,3.431747544374196,2.7317385173058124,-9.356038126978849,-2.1846540866108892
-5.837904451692544,0.11413104476513497,-5.930027563316631,-7.100242853343078,5.369879350662606
-4.307899752142771,0.8355677103380733,-6.913191470679868,-7.795196132005614,4.820322667607516
2.0789617082134493,2.9470643651249606,1.4149553946497462,-9.020956652968914,-3.504053721167465
-5.332634496693153,3.2143783909096695,-7.090481372095699,-7.547932663602605,5.691267322132257
1.9074919524743104,2.446749108947036,1.206361305095927,-10.155865371466026,-2.243223687688004
-4.180521628222304,0.3349170607920365,-7.5298565835717906,-8.056420136767189,4.764421191019435
-5.19892984698499,0.361707670368132,-7.15187856463246,-7.610723743695079,6.231042975512478
-5.022793100040601,-0.1742791159373499,-5.0504024646121914,-9.625388945293743,5.984229220993938
-3.173449708565625,2.2813533957495293,-4.452344762023458,-8.895643342079897,4.576660608016787
3.5097117101125717,3.4284547912413297,1.6970438815906068,-8.297469215177905,-2.3964337352315597
-4.386265618924729,-0.8519095072113656,-8.719460631488735,-7.176175613412275,6.787618773842535
3.4528860531513934,4.487331455837627,1.3491111055156435,-10.070185519381576,-2.0835885995129297
3.5728034242950817,0.7717644509419765,2.815770730412641,-9.229858061917724,-2.589444365125901
-3.298177239281795,0.8981818415614233,-5.7254953559557435,-8.83584569313189,5.295735905309135
4.26015147787499,1.1403340607438637,1.6868025656647272,-8.143278494159073,-3.413467274477692
3.0673941160263314,1.9968244048218187,0.4441517386628524,-9.096139899173656,-2.801792951907107
2.5149559789989966,1.794385286238554,2.465564122169993,-9.015515811440537,-2.8566080906977485
-4.685159581039322,0.38878144777426454,-5.5771532586009425,-9.979821745958024,4.659559001328998
-4.668856298167297,0.6032071928874849,-5.639866763033007,-8.730658135840525,6.132633192800548
-2.8390153560040723,1.6661343608433514,-5.235896086065066,-8.846341170933101,7.754667546992154
-3.9460018008214885,0.17660730367156036,-7.027601471798915,-9.39900012486688,6.294095759742698
-3.3063067808371143,1.2497813292909465,-4.142668292384542,-8.427360401864684,4.954027466671761
1.812652528681799,1.520585062935516,0.5513141949373034,-8.48713327907466,-2.1446565455667317
-5.248443395353792,0.9383891612052837,-5.505321063188399,-8.586060519551854,6.371207232312999
-4.171246259588277,0.23426519032821097,-4.877966377571057,-7.958061446031811,5.840032061007154
4.205976523443248,3.4223692920568207,2.964732923022278,-9.616914913901114,-3.3645289940908265
3.8557735704045566,3.255710800776093,0.807152279985842,-8.234591923034873,-2.5352906430241116
1.4645025643747662,2.235423328413557,1.127968979722935,-10.215219486638807,-1.362376299120955
3.843695190344476,1.9447383332672525,1.1038642270339625,-10.596630702267708,-2.87676263805445
1.8137170423789475,3.821569969978011,2.4938625383665536,-8.680885931504022,-3.187426916450755
-4.619258226267785,0.39440949493335153,-4.885042325365827,-8.925512846297417,3.850905641794022
-5.492198826394608,1.2042543125732936,-6.554923284877096,-9.172297799032144,5.333464574463649
2.520771746658553,4.2633127002964954,0.8517639980648175,-10.0443322516811,-3.6620563449128913
4.352142783293251,2.410731724322729,2.530099081829017,-9.521422045477497,-1.4107828093143924
3.5369518202425545,3.7895152855539265,0.8695389470244139,-8.978136377472246,-3.5338190355839396
-4.108356254902683,-0.5919502657277202,-6.337765650984703,-8.092987461397009,6.325747584933907
2.6675189545455766,2.17821149282255,0.7156036947089587,-8.28580060350886,-3.7497082685822765
-3.2882020242955003,1.7614546806923628,-5.191707542760006,-9.199667701943763,6.403050120065757
3.3816355532026248,4.310495479908324,1.320810310920697,-9.532447246790886,-3.3487088704143826
-4.1012311873204625,1.6187775521919143,-6.973337637933723,-7.557437664187918,6.0137997850430684
-5.419837313098305,-0.6084145799946261,-6.5980304408958625,-10.453513045228078,7.379217341799811
4.589182416153311,2.2685260057077903,0.6882973591251439,-8.191338083961337,-4.1237323723409265
2.8844183064996374,2.6673265848463235,0.8995352616020635,-8.897338563286189,-2.356675088696546
-4.58747930713619,-0.680141828250175,-7.178515205954155,-9.141961458592132,7.009836211460956
-3.8855580964450005,0.6549300110926483,-5.711252974150143,-7.969640311740122,5.3334252103689925
4.87724632948193,4.403795476861446,2.4848855191673778,-8.316489269875275,-2.879612331502999
-5.905403377205699,1.71069177693932,-7.431005197661993,-7.36787840665935,4.165314793249637
-4.731962823027934,2.567010603168353,-8.06437527102727,-8.890628072475247,7.034679303495833
2.0531770896296426,2.958553364003518,1.9130271324979986,-9.381778029798877,-2.4742762130048455
3.9499363080110874,2.9483252194093184,-1.1541346715116814,-9.54420452772085,-3.7288240390448157
3.196612754659525,2.228792263744688,1.0711367521341906,-9.674860244144035,-3.8198498417414313
2.5359352722133877,1.3223739798799494,2.1191210889764633,-10.1366019427629,-3.106618301521032
2.06111354045734,1.6213425293065558,1.0839178696463025,-9.110754053337626,-4.13263624101188
3.540663554790243,2.708296789346109,3.570490467569176,-8.601542913940804,-3.1420547554622846
-5.9733429022787305,1.2686463262718743,-5.942113905413907,-10.242768029786385,5.454775158077309
-4.516960065986179,1.313907934021252,-6.460071722998097,-10.565338922100782,4.1648161212049395
2.0101182639239905,3.279784478054399,1.7321837898261714,-9.041097969629384,-4.344113772660568
-4.659767688783752,1.5079529294370349,-4.5973172310177315,-7.009392723756285,5.263727708614693
-3.7693704673523625,0.8774331743440297,-5.173153815197915,-7.385216229918858,3.523585001282346
4.328559316990976,2.7547957763054556,0.74085710315375,-9.080429734764063,-3.8289124221509474
-2.966332986106191,0.31373292576519196,-5.038215822716515,-8.507993848803164,4.809675016036624
2.9390843813588954,3.5837721823401334,0.4147174748280329,-10.439026806750359,-2.29120273931972
4.716703759171419,2.555095258904018,0.4062867015618645,-10.198005377942911,-1.7462945424927614
-5.1643395483594325,0.25220680885366825,-6.643510674477398,-9.581093621237427,6.190762134196992
-5.4459375034739885,0.15714225800117115,-4.8158669329194534,-7.846422790864274,6.298434838043282
-3.9580249012125615,0.17395195959125087,-3.99832726354346,-7.489682585550518,3.9208968606954375
-3.453268447921837,0.5507357752635509,-6.305929346024652,-9.00169058088485,5.762827948248557
-4.421360660777875,1.684641173061563,-6.136982134702863,-6.116738094664754,5.564805728077595
-3.295396546900144,1.3329149428741949,-6.136079054221237,-8.264562360028377,4.504666068665168
-3.422204862083678,1.386936795078277,-5.613581374939483,-9.182972736189795,7.264126447578526
2.7290645570514784,2.4710827617131885,2.659861653509005,-10.611805493788854,-1.8765368792366224
-6.519932297040149,3.30917002329269,-5.8874064161236745,-10.188921319733693,5.470227455471674
4.131306241625896,2.151100339749931,0.7280435068471485,-6.96184832258475,-4.839261690669517
2.561861383383183,4.891955709386092,0.9889719943389551,-8.567685440319035,-1.3083534429469104
4.4028845805849794,2.111683644516002,0.8724398824029084,-10.07389349337436,-2.771586450200056
3.5477630142196284,2.0081668370575,0.8303234349153303,-11.047562769306076,-3.1147275044207268
-3.5746668811691276,-0.664188575090328,-7.048971866025052,-8.739281748066805,5.760049467497262
4.4539613056153105,3.4725190267649544,1.621054740019054,-8.46064466662407,-2.2644977632925443
3.592968726236325,2.4232852153976605,0.08833696899775312,-8.80757080228581,-4.522713633487041
4.406496742038486,1.2339106421374637,0.13490981757543086,-8.734977162221567,-4.4214412051696215
-3.273283085452527,-0.8641014639199687,-5.422460585427972,-7.639410262083999,5.965560897041031
3.4640670688148707,4.373525795508208,0.5304746448576689,-8.987692367835411,-3.0059877080053132
2.175366367194807,0.4816430717023845,-0.786881910479325,-9.324860109151631,-3.2887987212466023
2.579571997693298,4.627012706519198,0.23144345792606602,-9.491124151381884,-3.083757783094383
3.5682389884816326,3.4049936521853965,1.666874162497852,-9.892741094374252,-3.763871653381953
1.1960999376147812,3.9099239465637616,1.9005939888462704,-9.630814487996778,-2.9795488476915986
2.5811711833859388,4.1398328122736405,1.8151373908567041,-9.934013901694929,-3.2905558428675605
1.1221919405807665,3.592318602838831,1.435273425707079,-8.704926293442382,-2.4844698875694307
-3.608111239842195,1.0690058599113548,-5.653866287851947,-7.392102456229388,6.322985230621362
-5.559841248996652,0.11107806270912679,-5.403680566194529,-8.601648832337716,5.9028717885330435
2.3906019173086177,4.111078593066882,0.1510224292957434,-7.934609784551295,-3.2596375797533517
-3.966499476540824,2.616608452499987,-6.038676980234861,-7.611955780737274,6.058692644592187
3.4972382392108865,1.7388003192713815,2.182818366971768,-9.003253904539603,-1.041365744141748
3.094714704904385,2.533060824806917,2.588529530584081,-9.928218790021837,-2.7420745888410067
2.1628076938346226,3.2476733869949963,0.8956968615530182,-9.07363428155189,-2.76036408456155
4.018310186828274,2.404216013352898,2.3725495247741533,-8.759548808844485,-2.4743060463138615
-4.62110068508694,-1.3997477920194301,-5.914946048017925,-8.007446652536776,4.1240709149347925
1.6304256396943582,4.303510541234937,0.5414534663296173,-9.707013712182313,-3.8327368872663516
3.102028579140825,2.3972015128823805,0.6442570830321245,-10.207733683957287,-2.3704906457240478
2.1434404749142293,3.2573952732998563,3.1918421854574266,-9.601450576843616,-0.4305033621870047
-3.936218863647925,-0.2932545003420506,-5.179797523759431,-9.066344357696538,4.45879310080019
-5.847670903456149,1.4272836142534944,-4.85466232823645,-8.750618221177186,4.875432402834342
2.5764142629695868,2.7592310182040847,1.928866580484066,-8.838969028260971,-2.180097618750719
1.965329758123363,3.5509316037142584,1.4605495870825342,-10.684426584257945,-1.500682616129712
4.459806948702892,3.7515503406277144,1.3557776792052993,-9.361353930070724,-4.393087100206415
-3.9330518904754355,1.6499328581580854,-4.864582606200192,-8.58209620129279,6.639649586084492
1.8495284930210458,2.2377710339885657,1.43469455004322,-10.502627105380668,-2.338233946126207
-4.125124141720033,1.009736512086611,-5.558519232160542,-10.368597393858293,6.035436531612168
3.1025396401657153,2.213180060987939,0.7688134377539412,-9.575502654563385,-2.792654136507058
3.0356358174525884,1.3534479689821033,2.543094056395672,-9.529722232229549,-1.4479726834219224
-0.39922302167744883,2.3130215587304357,-6.202435337509578,-8.645718700738096,2.6261425307525026
-2.973900282880365,-0.1841356873460005,-4.509191329013733,-8.63775224253083,5.440123262640862
2.967989448446614,2.868491783400401,0.717056943040875,-9.290194927978717,-2.485543767819226
4.205383436501825,2.742228553718314,2.025135548348381,-8.542107272117867,-4.729165592541691
2.958160197482938,3.2584676741163503,1.5906119133993428,-8.211227558473574,-1.4095724281905928
-5.750751661254089,-0.6595127308589466,-7.222580882227451,-8.362692939102978,4.914639226903834
-2.8442621632846325,1.292793704952452,-5.764663354566396,-9.555642462899405,4.674129794858828
1.600064904986607,1.8447517624275958,0.6013390618714527,-8.347815049846107,-3.7777482541249965
-4.919013227026952,0.46493902970533785,-4.117280176222524,-7.496620424101173,5.816189118305455
4.176593808648857,4.539455004996232,2.173424837167589,-10.51877640361757,-1.8149092565903917
-5.939015535104023,0.5127052316923958,-5.650101210903533,-10.314860891195085,4.884861422308288
1.947637225254388,1.8592454085121948,1.133332356100649,-9.961160411387224,-3.6876785915722365
3.185687371762969,3.3525141112251866,2.725333846899481,-8.74750128043902,-1.6736241797235103
1.3116313230321734,5.485087306381946,2.714005098209042,-9.532371238477435,-0.712732688376243
3.4067590060519315,3.5166111338726647,0.7806363920773918,-9.705520132459574,-2.9086402952696737
-3.8395981778111623,-1.0207548297228406,-4.47399256033434,-7.907157393997931,3.8147330287564802
2.8294835865107055,1.952453102914974,0.34432980172938277,-9.804323633135738,-2.3882275077272714
4.4851312084494515,3.993000197256951,0.44993569593390537,-9.271214982369989,-2.8448383628740443
-2.5412956612229918,-0.12071244330397646,-5.590295625253548,-8.796293285892109,4.492127254252972
-4.870997737241004,1.5444273518696452,-5.637032707663256,-8.31567986434903,5.644655351038673
3.856770553267878,2.1746273774263285,2.546584309539152,-9.351610138102977,-2.5852409045404388
4.848192045696838,3.3798547534188033,1.9043938433819134,-9.312197465186781,-1.4235365985198913
-4.247248106872029,0.9881593807978013,-7.001227511033905,-8.650598147833401,4.664601374888692
-4.825243087423016,0.9473985394802642,-4.651428257226771,-10.10419951317717,5.70905730333902
3.7741182737965784,0.06968559898019988,3.1017014975208665,-9.146311122673282,-3.88431246844853
-3.2372319292798446,1.3605900223192395,-5.3693140738424185,-6.8843337729687475,6.408655006932915
5.057173724742291,3.025599992748647,2.8729760755778386,-7.708881307982093,-5.226480343631893
-4.837232061233721,-0.39788327096688736,-7.172170595550584,-8.573809138753532,3.645128997072727
-4.773146127712793,2.1861965270995816,-6.840149513914732,-9.047465049975642,6.004814705751322
3.8091298351624276,3.513214644080623,1.67988178657895,-8.64268027882113,-1.8581976629774504
-5.745015743445383,0.28864357151547465,-4.536151693731102,-7.136379705272268,5.190831853977016
4.518333550591375,3.449765474449007,1.4275144699970053,-8.233325102579343,-3.4154760133983193
-6.682185461868363,1.052651303190277,-7.527281971742345,-8.86110655606795,4.9322061672950035
-5.518971757299789,-0.5204969261480072,-5.042893527688957,-9.164037541147183,6.312787933528786
-1.9481862009962523,1.0250938110875016,-8.302028628178753,-8.731763112228474,5.840867654469007
-2.8770958378906757,0.8383108380927244,-6.1701758676591965,-8.520794597539776,5.053866700083699
4.006646172776405,2.7100001188294716,1.8504309926663538,-8.111025715463743,-2.0449563670836355
3.0896833884334076,0.8865595970561682,0.7147152805726441,-9.177402228815874,-2.3186466176346547
-4.624118755413865,1.5840507347388006,-6.373755178368868,-7.754634452321218,7.588683470490596
2.44542369917824,0.9622313946181877,2.3111013034090284,-8.486817184081728,-3.1452624318410285
1.4754641073750945,3.254496843452633,2.959122000886038,-8.437284017134266,-3.030118846838816
-5.478281659179484,0.7971337005271313,-8.331738386787535,-8.277253626388259,4.828459702271614
4.0002309509201375,1.7400865104003884,1.8669595658568485,-10.824736369030386,-2.35072799449508
5.39615627563866,2.703991275125962,0.8625971787038054,-8.390188640930075,-1.0401724817065252
1.1800752809165964,3.1493974258596205,1.0074559320867276,-8.269250353127406,-0.8143132614072099
3.955964181257547,4.175306439615792,2.5649884906719116,-8.943266043383224,-3.4230283082918995
-7.7922603934541375,-0.47468000712011515,-5.570183511982748,-9.481275379581259,6.116468050201048
-5.090776484927833,-0.04144831704700824,-6.111512801498557,-8.898881850384724,5.4337572451545055
-3.7070444399580613,0.5004008428741126,-5.760108253628216,-6.743979614362178,3.990058114036269
-4.393842131580669,-0.22532723511723296,-6.4640180250409145,-8.835958025958085,5.819063289100959
-5.527967320477725,0.23892694958866034,-7.48057472799103,-11.064129811890652,4.8033738707032105
-3.8069410502325205,1.0181685643923997,-9.153460371933619,-9.807062002678059,6.200120213772802
2.323654023566541,2.7557557793294225,0.8894485060249275,-8.978032508247335,-3.5814660036829156
-3.3093930949106265,-1.8891496950910267,-6.809801523013211,-8.115166539088117,6.980505666740779
-4.722851134125546,1.3282383656824124,-5.244260698016794,-8.364523378262934,5.558766035060922
3.6884490130511653,2.6968880468234246,0.9855443746593485,-8.060244034309171,-2.484598497128087
-3.915569798320003,-0.21020899672531645,-5.3233394302410515,-7.020165008543147,7.199973343777115
2.7166305335755565,3.213624562742393,1.0478965287111208,-7.574713187260143,-3.478224557018729
-4.493696059766665,0.2900737087058912,-4.648702134762032,-7.6921955597345395,4.765348898580734
-4.757095619659236,1.0567957083803685,-5.576050210379608,-8.879526661617426,5.825124244334893
-4.09840748761865,1.0134148370235678,-4.291979020509945,-9.18658961827355,6.115900725171203
2.1126535894335436,2.870015596066101,2.0351829093301586,-8.594306073424288,-3.9367900306517707
3.2024684037689974,0.36141605582816716,1.4497599456642334,-7.7985767628505975,-1.4212701742914826
1.399444107841561,2.790927089751081,0.7725799670495419,-7.870234480019725,-3.33450999832898
1.827100487338021,2.4292234352190714,0.8256748415651388,-11.00174045478045,-2.808563797408627
-4.435409251075896,0.7332529550658832,-5.663826976853582,-9.164327833969804,5.147935668035423
2.0198938894025735,4.079789326741295,1.520309123762334,-10.461264872868346,-1.777598644357645
2.616201339933789,0.37515320429676935,1.952859862198657,-9.692467876563306,-2.5143666551445114
3.4338425079821926,3.3577094725881356,1.7213514194476605,-9.050828079093106,-3.743561042580125
3.705362685487552,1.5392074395625688,0.9210156216558103,-7.307025673422309,-2.0526151456899937
1.7575059922332252,0.36184586689479037,2.3367181246359428,-8.086723351393518,-1.0732268319263352
4.106528073501406,2.944615120279347,1.6434499245805672,-7.953400627767196,-1.7513251537737107
-3.6117432188486998,2.786773967774048,-5.522485447025952,-10.249722461190174,5.317027700691309
-4.967355411674124,0.2240361327096143,-4.564624124121584,-7.543130972526852,4.136534339883603
-4.058942144207779,-0.9232898912088565,-6.009148377808888,-8.929721486537181,5.929709867027349
2.1626692522637954,4.111349202991568,2.09489342786628,-11.013473872699349,-2.6969359634907453
-4.9486582886962855,0.6883359006514604,-6.840817083613642,-8.959152246230891,5.114352210404435
-1.9686067003304415,1.6028167663048278,-5.425360069204748,-7.83752799731859,3.6084903263928294
-3.56930330557629,-0.21213472578648818,-6.023422980596535,-8.732624872212357,6.68106846471723
3.544275352129436,1.3262082694332853,0.9351212390323012,-10.822451090873615,-3.4166959817430653
-3.27073894008988,0.1195559256600156,-4.963162401352603,-9.242777669032971,4.599224612760241
-4.447651622548726,-0.6176198507405841,-4.848889225604887,-9.126746616823876,5.460809006627387
2.2531715667101935,3.3941500103673095,2.2862839194074773,-7.924851181570979,-3.095050969958398
-3.5918489941365985,1.681962522676872,-3.167771020925575,-7.869149781888985,5.092025102340907
3.8370098184247885,2.5479108391874714,1.2406304227740792,-8.94355074368562,-2.6063207838671296
-3.1753915198725844,-0.5362791018950914,-6.827318652203351,-7.739181565113485,7.123653121646811
-4.428639095954126,-0.16591125834524545,-6.698888718159405,-8.710769282354832,7.3915349256006655
-4.000172666557879,0.6194212071262066,-7.62412897687224,-8.312489900186868,7.1730431229760985
-4.8619229818928025,0.9616311045279368,-5.192042496728056,-8.780578086010136,5.843565505139767
3.1040068197901833,2.1747055861037774,2.7229528770588063,-10.008281957901135,-2.7314542246715483
-2.1409534373565773,-0.5600150349139141,-4.909984485291853,-9.148083471669645,5.0792024827642175
-5.5123600303955165,0.29041852446672317,-7.5756528725758345,-7.3547804884707135,4.618355220383819
1.7527366178608177,0.6181447201502537,2.434697132568199,-8.333735305902794,-2.858229939400103
2.272038701438779,2.2938424725885573,0.879998979897483,-9.196141172708144,-3.755373288434201
3.2001170861569923,4.150767545261134,2.543300796898705,-7.610662592761043,-2.4203515376329094
3.8883374848600574,1.7546653491138966,2.1972351847065568,-10.364100015217458,-2.457743202293207
-4.15428754104896,1.3580729999821082,-5.591085982952397,-7.215485196696159,4.8840398401467136
-3.433413013003668,0.5552274467839233,-5.010241044786957,-11.260758952406412,5.889203246333169
3.3407014233178387,2.402526500912847,1.7099743342284428,-8.775885990953531,-1.392011755939627
2.4905589959680876,2.843724539486548,-0.3656460261722525,-7.330237860094537,-4.002690556250311
-0.33658694662233435,-0.7800243788654215,-7.01028991380154,-9.438859019205973,7.710985156289781
-4.728692241991672,1.2210663707141745,-5.554364642292555,-8.137694806594158,5.064006605947119
-3.829900535402469,0.4857367133195407,-5.629737646507418,-9.473239730550162,5.5400876317435745
2.7898358331553874,1.3207442822567848,1.0628408611264284,-8.115867928782253,-3.4456669983255614
-3.8061089101950785,1.5799404077128694,-5.2999604189999845,-8.07420974743167,6.204991543504318
-4.144722407376714,-0.077279231655761,-6.138383723062681,-7.513252769538102,6.5000557516653314
-4.17765287723447,-2.640332870422491,-7.085317618998424,-8.162397601204324,6.643301837265718
1.6493863771227144,1.4819965829478794,-0.6884022224203048,-8.368948951555591,-0.9393843129336858
-3.190191784369161,1.8577162931849132,-5.432700147009869,-7.122897166309846,6.803130501423785
-5.646038712332146,2.8651926929738862,-6.8712545039482915,-9.128333679440711,5.3794729836176725
-4.294601521246439,-0.25143448057274964,-7.407128320227468,-9.934343252139696,3.740475451653585
5.5642853393753935,3.9237598651042473,1.1445214337986107,-9.283932119935615,-1.838218292016973
-3.6219001052528355,2.2334054893598223,-6.0647344901156774,-9.782324964207632,5.539795768491519
2.5987776274151586,2.7425930359853923,0.8781995227492128,-10.243023895278824,-2.0677728393833323
-2.585498295938079,2.099118585503464,-4.915546754341785,-8.656737870425971,5.867789218501006
-4.1221994593213775,1.589174637378507,-5.721898215529208,-7.30849945267143,5.439557775892188
-7.066822565360505,-0.18384600391557604,-5.885002011267809,-8.119455554206565,5.82326364390473
-2.445807070290768,1.2934743279578573,-9.013353919201274,-9.238673095399928,4.778571117689115
3.174842966045878,4.2646344365733615,2.36238836292367,-8.956255424938288,-2.9538307842008638
2.4875573405030647,1.8462485959374484,3.291431048548026,-9.152921532286914,-3.800283453137634
-4.553346550460658,-0.19462496980025257,-6.038316502706647,-9.854553074557877,5.899700053489376
3.2457521702412864,4.468356678194542,-0.07710710489669137,-7.569816957382436,-2.5607914268482452
-4.759686215668841,0.24878034018881678,-6.214208145664842,-7.976103380347569,5.210616458505934
3.2295789739442626,5.187075425836408,0.8187129462941701,-9.836586256110659,-3.846425154939002
-4.721643084239781,1.3754477269771097,-5.461738685473348,-10.11235701639627,4.211429252285909
-3.3960788919619422,1.3901907402087073,-6.627242695907039,-7.928019955169076,6.483554098231858
-2.929361617573698,0.6366365349255488,-5.864584498441298,-7.687419001014872,5.733252489688367
-5.181267681682999,0.5527921859339321,-5.823719814226865,-9.865552558975327,5.891221844872663
2.1246026161641973,2.445686135535166,-0.3243346774308298,-7.926276571078518,-2.939414527537137
-5.674083819906601,-0.36235088467094123,-5.065418533601916,-6.417390884189635,7.3802220918085855
-2.494584496056455,-0.05011242962119311,-6.748752782294208,-8.467606017558936,6.538581780890446
-5.065412815521528,0.9688823506561255,-7.202505321214517,-8.350254552230432,6.037267601958492
-5.033907708155083,0.730776295393796,-5.7009306238156,-8.193061381280398,4.063631967767096
2.513403138243001,1.57702049787844,1.9306009916670943,-9.51464251987324,-1.9125186437371207
-3.2803912464676697,-0.5334619443705511,-7.2936954156611575,-7.053000184775405,4.830311234755494
-4.2456623973645025,0.4538636174647694,-6.8306767431012965,-7.736807380116605,5.870899124170134
3.5190873286023585,2.1452608759890532,0.5680791025170484,-11.387967989601526,-3.424713610439645
-3.8298435489597145,-0.6287052123105616,-6.943898233374645,-7.3582118792962135,5.208664406032044
3.817171983191436,2.617231865397194,1.4166316301774673,-9.990724600521213,-1.9853909110563361
2.5877036282729695,4.139360442226559,0.9221327547895328,-8.594820838972197,-1.603796805153111
-2.852437645741087,0.9492612183671983,-6.163491748361243,-7.9033426220513325,5.474843881813038
4.553199686648545,3.7676788268684573,1.4506571456117203,-7.458036971252019,-1.7886777563170158
-2.8983148157392167,0.6630123964859356,-6.5962154704600415,-7.834052608342958,5.796988961806565
2.1178200267820104,2.6261431009480307,1.1656593847716727,-9.719325918123722,-3.8701881768667112
-3.637730915204348,0.49141008061100044,-6.918786126239481,-6.397757527315392,5.277147964327158
-4.3540683627441,0.3602874461921318,-6.683365107257024,-8.781537089935236,5.748024323799101
2.8708523181218393,1.5129753905790773,0.6400818549580072,-7.82336029686844,-3.2518862336783187
3.2136406626836287,2.209996685624065,1.0764804996514363,-6.907991633327612,-1.2364258051155042
-5.383843242826638,-0.6189533115984753,-5.831296337176642,-8.131707281143116,5.79012275903708
-4.817877386468931,2.562775587586284,-6.928576073345699,-8.412721306753554,7.1465430781815975
2.6280932473318352,3.5322940306298802,2.812212554623336,-9.119214141902816,-1.0141212035493252
-4.724181180400043,1.423462241681532,-6.482938992037659,-8.5699861699352,4.235090255937667
3.9355978589658385,3.4141576985637787,-0.9373517186176183,-9.450148787805574,-3.663726789100238
2.209043817457868,1.9661300228095788,0.9016607257869387,-9.735604923891616,-2.1979245842650403
-2.8731710501065173,0.023854273195693443,-7.146521181928428,-8.17392253634154,8.610836124121505
2.44941455978796,2.318097582612138,2.7544760283409007,-8.293507106709653,-2.763465186404433
1.7520120805038715,4.024119899198161,1.4079830799671231,-9.561306336352247,-2.708012266939891
-4.800878842699029,1.1694095430024738,-6.0704376610725825,-8.004066661935415,6.44281988102645
-4.076801689013285,0.6337072099687199,-5.039708427703641,-8.201468620245391,4.872721439010229
3.427104574471442,1.8245189311133627,2.1330873048998766,-7.744841109332275,-2.440012843806756
3.1742970801804864,2.700061386865648,1.2908962506113222,-9.106342483445358,-0.5556876956380812
-4.668985734959055,1.4882724146096356,-5.965688042032378,-6.953414428579263,6.124778356488379
3.529959689635456,3.015026564000029,1.0475541610862598,-8.57316743719884,-5.120328266576353
-4.375828797901855,2.1378082799238634,-6.737771549403293,-7.904180533193491,5.876951739637621
3.4997797230743743,2.8169630949438482,1.1684124769109605,-8.65421996236462,-2.4035136036040594
4.017805720783683,4.055606635668438,1.2026852136525845,-9.527831564057815,-4.0695645015373785
-3.8150433276021345,-0.8672314663323117,-6.549276606304449,-7.462843943709332,6.746979811701253
4.61018325176712,2.2623903736110536,0.9733402193120799,-8.781897830218568,-2.2133596134345517
-4.688109684706564,1.0412990143820455,-5.371182272699265,-9.25206288484194,6.9251134071260285
4.660827934223953,1.2119895673063417,0.8476014119278984,-8.76755555000244,-2.592681076561688
-3.9346375292374223,-0.2754901477824173,-5.375155707517772,-8.3380736028729,4.7483460627857745
2.8840624181140555,2.064171407715693,2.0641280335717793,-10.248088061280702,-2.517942998225383
2.0701551409642955,1.1105521032607988,1.0102942638788672,-10.711736482129766,-2.8841530442541856
3.9866104180618107,3.2161164515707363,1.6049012176769264,-10.714365881154944,-3.4062115553036993
-5.760872946663965,1.080402536454933,-6.803884640833735,-9.299129675916177,4.894344445444423
-3.1445289132022323,-0.5367453847593264,-6.468107687491512,-9.804609007702306,5.464401894027661
3.691054331318535,5.394965646241205,2.227861784301545,-9.30168323693123,-3.973317828104226
-3.131424467573138,1.3502175366465408,-7.708607796605697,-9.256663772548569,5.947857267096827
2.6007250026632596,4.6191995296018975,2.3285084341596787,-8.863153464957724,-1.9353697474421856
3.3487488099353957,1.78494799517595,1.5383840823816026,-9.430895684042216,-2.316314947800023
3.3610739745616502,3.0450274568671305,-0.812761610045774,-9.347695896865451,-2.607743937723763
-4.34408269229754,1.3163960653937727,-7.69251347157912,-9.215164625338003,6.433884075254156
3.2122525415305785,2.385064393500144,0.13664011489955352,-9.03896028773798,-2.8505651506755707
-5.557743947169631,0.39838327516986044,-5.964393436198532,-9.014816723784428,6.401623887701501
3.775796633738478,3.470549369486376,1.5123082661478735,-8.54324344331442,-3.86445805450952
4.557045410279575,2.9492641628087237,2.7908012097574426,-7.875708593119693,-2.787754465590027
5.4217532383224025,2.197856685353581,1.726381033671619,-9.784299716610757,-2.9457359334772737
-4.980253622175237,-0.27124110754382114,-4.880664987170672,-8.44221258521168,6.281327283054912
3.347030049563367,4.029450256318947,1.5321355909531411,-9.564744651350184,-3.280900322529709
2.5444527468348985,4.401249170879864,2.095759203283987,-9.915315369755811,-3.4328013035966007
4.200695402703114,2.3659942885211924,1.9381824708692907,-9.046340652803071,-1.7387489877233755
-5.077013496483329,1.920801994414789,-7.1309827865044975,-7.381871715353366,7.730130828782832
3.8724834251951386,2.3618876065276417,0.03465572360090308,-8.57388348018645,-2.6611751534311407
-3.572248486152532,-0.7972957471340274,-7.229354195933979,-9.088115330040313,4.577260188658282
-5.122914002526928,1.623929930398143,-5.463981582379132,-10.417407287840112,6.5782518568402475
-4.484649037151014,1.2650274221653537,-6.745194980902241,-7.941001097168395,7.140101092104926
-4.914860828445654,0.7795401818488059,-6.930974554942734,-7.4339904594318815,5.291817200449059
-1.5134689791766998,-0.5149929028339675,-5.053450320829528,-9.283379903422619,5.767821102463941
3.2652914005732976,4.269094315808813,1.534287399191543,-8.326298745569794,-3.136492556153725
2.6358506288149517,2.3395478680883053,1.2590592368546707,-10.114364422248384,-1.721416280754024
3.1371120182651295,4.56059793496686,0.2782026316193229,-9.268292160595337,-2.0532005730438434
1.8795299895287036,3.948732543037183,3.3980015237718284,-9.707703370997544,-4.608297641378923
-3.8905506538818173,1.6066707700465976,-5.691170779040848,-7.327294981472635,6.142338202152613
-4.104322973599328,2.0942146356257716,-8.05372630427247,-7.921076463133148,6.540151330154524
2.2521202210041653,2.0647731322076086,2.7608043911501476,-10.224354360747837,-4.531516113576164
1.5939828992143523,2.955328605009255,1.4865437503802126,-6.899562274329806,-2.450904668315451
-6.498360903270359,1.7681473294443162,-6.440521489750347,-9.298533996350747,5.062860438795771
-2.793183781689982,1.5151098166850347,-8.267710389321396,-8.899766991626816,6.763334034893855
-4.197047619036326,2.7633878882256893,-6.880540439585992,-9.258295335019588,3.7468894683287504
-4.6717232707679415,0.7426756864466655,-6.1731565776388875,-9.010878811355129,6.516416651330896
-1.3859043567004639,1.2227429946845245,-7.005528256455765,-8.64568887700668,6.132803880158034
2.0248353397699,2.184622341341199,0.7898637785629709,-9.847769865884013,-2.0187501723211483
-2.760006546084866,1.3887533392337827,-6.881910063681866,-9.696448995592124,5.738897302897445
2.6169982132255534,0.9417233242334482,1.5554266406224957,-8.92924943512109,-3.5919333688232746
2.2748523000055307,2.820806524790895,0.8201735024058071,-10.755907960103778,-0.9956885725053881
2.8708666877079763,2.337752180683725,1.2053466808546514,-11.091002869498489,-3.2169551330103276
-4.097029068100662,-1.494141250644426,-5.839062112804583,-10.712164810273254,5.867385400267874
-3.2000249886150227,-0.1851181013221207,-7.260804699216482,-8.696124184054568,8.29743384692241
-4.078161233636315,1.2916417298826355,-7.450774301745943,-7.196703845628592,7.046050380373938
3.4288119020300094,2.1383803216544153,1.2788563381123503,-10.353255065460102,-2.191237458898595
-5.049487497167307,1.495759022812304,-6.4304174636155915,-8.710493463977613,5.2058104937136225
-5.029771693769533,-1.2993547828838794,-5.969773754826982,-7.243378942282908,5.352484587475109
-4.160292612519925,1.1634766497765132,-6.443666321087074,-7.861200177917406,5.60602869134992
-4.979302769222873,1.3147345070479324,-5.224890519653099,-8.802660768455217,6.597539346295657
3.812572720037276,3.2950470446855813,2.6645893979892996,-8.929865058606266,-2.199841436595367
-3.281421138639059,2.045760789831888,-5.439156592971267,-8.03920979249653,4.824745774554998
4.565760859044033,4.238653135875451,3.289892533257329,-9.127041449968365,-3.047884132447436
3.4191726195730485,1.7536427013339946,0.878011285676506,-9.72646017772233,-4.971533627295891
3.0622230917928235,3.6066238405640787,0.4343810807586508,-10.089732939532714,-2.9164983313875137
-3.93036898629974,0.04697090296328543,-6.68039765409879,-9.219941705796371,4.719662935916225
-3.5051162928722532,0.39213451886317646,-6.859330419622224,-8.341327036372839,6.205405805102707
3.429959208352284,2.9921384576711088,1.7667897841091957,-11.613961401884017,-2.7400034127627624
-3.808327505048489,-0.7529314446265176,-5.844571795703837,-7.759479132870666,5.067365030742998
-5.272073029436305,-1.4242596789661865,-7.324997555874785,-5.296835441271229,5.866436411243816
2.7801855729490303,3.7314152964114258,0.49681445139318137,-8.199493020787385,-2.978645929117017
3.219736114639541,3.5012532263347707,2.876407142219688,-9.401544697368504,-3.875554077184205
2.336000222436759,2.7952492562433537,1.5272927647790586,-9.004164332494167,-2.9706674319413278
-4.444958376556548,-0.21532802691333686,-6.159992499303899,-8.496300044373402,5.684829550075626
2.7548393950762926,3.7022369127967347,-0.42387727172553746,-9.856947674580287,-2.1701253871705504
3.080459399099287,1.7517979439352294,2.4908917189803645,-10.28967219207304,-2.198047704700333
2.4222698913746217,2.7978720101183683,0.15140995740433416,-8.54829204594608,-2.2958466365646983
3.587276181033049,4.482924510859672,0.858914996190352,-7.448733563446638,-2.349526280484387
-3.8267062718858122,0.4155953350523496,-6.103947025305563,-9.508530583076308,6.802840501235236
-3.924614723992856,1.0797932864303896,-6.885295523780731,-8.418505132305144,5.510155262498992
2.747351357356959,3.983857409159315,2.8452577992758474,-8.614842183751554,-1.7477287672030353
-3.1939675255371487,2.630607471290359,-5.696060139549,-8.291351143649155,7.776214427392913
-4.244749287107447,1.151574725963558,-7.9448665481584015,-7.3271163002938025,5.266261152924213
-3.5173791788880484,1.196805467166742,-6.555067806112327,-6.40540616908085,3.3196441311592344
-3.097967913721324,0.7329336529087686,-7.932732243989445,-7.851126277524583,7.362093145811005
1.8277597577203957,2.2278777194943715,2.6327892173014362,-8.623275342970619,-3.249593987839615
-3.813754601555157,-0.5565880635460678,-8.144086543364176,-7.816517344418015,4.945976394593684
3.1124241339719134,2.355751984054301,2.726403994483242,-8.166664429335519,-2.6561443970509657
3.056570496293828,2.803226819248786,0.38993036591360264,-8.955771064061954,-1.5657929071429662
-4.3725968577952035,0.17325106775155197,-6.50256209894905,-9.129490711079338,5.425362211161005
2.8087237138335763,4.821394822857455,2.0577641794618775,-9.83224720166196,-2.7640107712615496
-4.861908140394817,1.4065463233540825,-6.778833575025946,-10.25522544552417,6.192387974930439
-3.9818744091738196,0.0584373131443916,-4.44122453024314,-8.847262309140048,6.118900838093039
2.78580092815968,3.16253129945542,0.1410063640081458,-8.899532602610902,-2.001000401125315
-3.891833524740481,1.854160473176179,-6.022677617589502,-8.349434333182288,5.108658589429504
-4.586886092969523,1.9197305366445445,-5.213115295235743,-7.617088811090308,4.4445480021430415
2.543908551483925,2.9615117088088043,1.4703451694543754,-9.37221331744129,-2.168613882307148
4.356587250878598,2.339589505637461,0.9188116255746225,-10.65543413850241,-4.48448259445383
3.3099345872325636,2.172008145922743,1.1158275830662046,-9.889357012368475,-3.595388333792024
2.357255047646636,3.6523569972831815,1.9030994247232313,-7.345657084989188,-5.433005244117079
-2.4782801991087577,2.6024262572856536,-5.796482854233822,-9.228772628878287,6.348159643366245
-5.146871520645964,1.5458831978019503,-6.2896188027641085,-6.434976527081798,2.339778420775836
2.8559499888417736,3.4272644514183823,1.4476640307090654,-8.854423012362702,-3.3426969253106638
-3.757021789763458,1.2083004975269134,-6.192642715333135,-7.559714204869783,6.781828617310813
3.1700447955479985,1.065000822390372,2.0975679620245704,-8.715234825865316,-3.7156002808716417
2.0383416308806317,4.138128005235893,3.3169903113929475,-7.913845063394138,-1.8364350422465934
-3.5996375838215133,0.4485781204856333,-6.911294173819765,-10.538977360139425,5.779809375838599
2.7361349461028177,3.4281215512273553,1.1133825229572294,-8.54716317034147,-1.957262199245746
2.7532715079146937,-0.6850091762274166,4.03574066772901,-8.778205698274732,-2.107606889086101
4.503617024441167,3.3338722416995354,1.063813076591531,-9.456794499636004,-2.824701692840175
2.7762704492134134,1.4241118713222065,0.645837777094049,-8.91676905391043,-1.874587767808285
-5.209919482830825,0.5549131502880014,-6.602037957859974,-8.192877379557196,6.293735813804021
-5.3147856300636676,1.6153382922598671,-5.038857814610018,-8.081953143982066,5.1213118993341835
2.5392340656516748,2.180952819024702,1.7139751056694879,-8.307280559476453,-3.2599667934951455
1.7615102046136335,4.646481278802166,1.8600713999770564,-10.126044953356047,-1.6720302846786272
2.7183818063031757,3.370460480381347,2.6238962339030287,-10.795176119060544,-2.613882947836417
2.8192317258324024,4.175644598705109,0.47160097699144266,-10.333489186899973,-2.773651894091396
2.0802416689290038,2.9055270711699093,1.5067036765363724,-9.02285459173313,-1.8177794255538569
-4.231591857124721,-1.2352687423011968,-5.566073406566762,-8.089686766675976,6.571227745463435
-4.123282563091813,1.1540552361441159,-6.440332904952331,-9.800211824499433,5.867140103773105
-6.865891030802819,0.45556275036756644,-5.325402211410214,-8.737826238168939,5.692706665224571
1.63646840354768,4.084188068828233,0.5511433090783106,-9.01637270918327,-3.160489019446545
-4.835437540506671,0.5529828722105058,-6.32823754666034,-9.149955254009285,6.201557755564987
